Frame,Timestamp,Total Students,Focused Students,Focus %,Face 1 Emotion,Face 1 Focus,Face 2 Emotion,Face 2 Focus,Face 3 Emotion,Face 3 Focus
10,13:23:22,1,1,100.0,fear,Focused,,,,
20,13:23:22,1,1,100.0,fear,Focused,,,,
30,13:23:22,1,0,0.0,neutral,Distracted,,,,
40,13:23:22,1,1,100.0,fear,Focused,,,,
50,13:23:22,1,1,100.0,fear,Focused,,,,
60,13:23:22,1,1,100.0,fear,Focused,,,,
70,13:23:22,1,1,100.0,fear,Focused,,,,
80,13:23:22,1,1,100.0,fear,Focused,,,,
90,13:23:22,1,1,100.0,fear,Focused,,,,
100,13:23:23,1,1,100.0,fear,Focused,,,,
110,13:23:23,1,0,0.0,neutral,Distracted,,,,
120,13:23:23,1,1,100.0,fear,Focused,,,,
130,13:23:23,1,1,100.0,fear,Focused,,,,
140,13:23:23,1,1,100.0,fear,Focused,,,,
150,13:23:23,1,1,100.0,fear,Focused,,,,
160,13:23:23,1,1,100.0,fear,Focused,,,,
170,13:23:23,1,1,100.0,fear,Focused,,,,
180,13:23:23,1,1,100.0,fear,Focused,,,,
190,13:23:24,1,1,100.0,fear,Focused,,,,
200,13:23:24,1,1,100.0,fear,Focused,,,,
210,13:23:24,1,1,100.0,fear,Focused,,,,
220,13:23:24,1,0,0.0,happy,Distracted,,,,
230,13:23:24,1,1,100.0,fear,Focused,,,,
240,13:23:24,1,0,0.0,happy,Distracted,,,,
250,13:23:24,1,1,100.0,fear,Focused,,,,
260,13:23:24,1,0,0.0,sad,Distracted,,,,
270,13:23:24,1,1,100.0,fear,Focused,,,,
280,13:23:24,1,1,100.0,fear,Focused,,,,
290,13:23:25,1,1,100.0,fear,Focused,,,,
300,13:23:25,1,1,100.0,fear,Focused,,,,
310,13:23:25,1,1,100.0,fear,Focused,,,,
320,13:23:25,1,1,100.0,fear,Focused,,,,
330,13:23:25,1,1,100.0,fear,Focused,,,,
340,13:23:25,1,1,100.0,fear,Focused,,,,
350,13:23:25,1,1,100.0,fear,Focused,,,,
360,13:23:25,1,1,100.0,fear,Focused,,,,
370,13:23:25,1,0,0.0,fear,Distracted,,,,
380,13:23:25,1,1,100.0,fear,Focused,,,,
390,13:23:25,1,1,100.0,fear,Focused,,,,
400,13:23:26,1,1,100.0,fear,Focused,,,,
410,13:23:26,1,0,0.0,happy,Distracted,,,,
420,13:23:26,1,0,0.0,neutral,Distracted,,,,
430,13:23:26,1,0,0.0,happy,Distracted,,,,
440,13:23:26,1,1,100.0,fear,Focused,,,,
450,13:23:26,1,0,0.0,happy,Distracted,,,,
460,13:23:26,1,1,100.0,fear,Focused,,,,
470,13:23:26,1,1,100.0,fear,Focused,,,,
480,13:23:26,1,1,100.0,fear,Focused,,,,
490,13:23:26,1,0,0.0,sad,Distracted,,,,
500,13:23:27,1,0,0.0,sad,Distracted,,,,
510,13:23:27,1,0,0.0,neutral,Distracted,,,,
520,13:23:27,1,0,0.0,neutral,Distracted,,,,
530,13:23:27,1,1,100.0,fear,Focused,,,,
540,13:23:27,1,0,0.0,happy,Distracted,,,,
550,13:23:27,1,1,100.0,fear,Focused,,,,
560,13:23:27,1,0,0.0,sad,Distracted,,,,
570,13:23:27,1,0,0.0,sad,Distracted,,,,
580,13:23:27,1,1,100.0,fear,Focused,,,,
590,13:23:27,1,1,100.0,fear,Focused,,,,
600,13:23:28,1,1,100.0,fear,Focused,,,,
610,13:23:28,1,1,100.0,fear,Focused,,,,
620,13:23:28,1,1,100.0,fear,Focused,,,,
630,13:23:28,1,1,100.0,fear,Focused,,,,
640,13:23:28,1,1,100.0,fear,Focused,,,,
650,13:23:28,1,1,100.0,fear,Focused,,,,
660,13:23:28,1,1,100.0,fear,Focused,,,,
670,13:23:28,1,1,100.0,fear,Focused,,,,
680,13:23:28,1,1,100.0,fear,Focused,,,,
690,13:23:29,1,1,100.0,fear,Focused,,,,
700,13:23:29,1,1,100.0,fear,Focused,,,,
710,13:23:29,1,1,100.0,fear,Focused,,,,
720,13:23:29,1,1,100.0,fear,Focused,,,,
730,13:23:29,1,1,100.0,fear,Focused,,,,
740,13:23:29,1,1,100.0,fear,Focused,,,,
750,13:23:29,1,1,100.0,fear,Focused,,,,
760,13:23:29,1,1,100.0,fear,Focused,,,,
770,13:23:29,1,1,100.0,fear,Focused,,,,
780,13:23:30,1,0,0.0,fear,Distracted,,,,
790,13:23:30,1,0,0.0,fear,Distracted,,,,
800,13:23:30,1,0,0.0,happy,Distracted,,,,
810,13:23:30,1,1,100.0,fear,Focused,,,,
820,13:23:30,1,0,0.0,fear,Distracted,,,,
830,13:23:30,1,0,0.0,fear,Distracted,,,,
840,13:23:30,1,0,0.0,fear,Distracted,,,,
850,13:23:30,1,1,100.0,fear,Focused,,,,
860,13:23:30,1,0,0.0,fear,Distracted,,,,
870,13:23:30,1,1,100.0,fear,Focused,,,,
880,13:23:31,1,0,0.0,fear,Distracted,,,,
890,13:23:31,1,0,0.0,fear,Distracted,,,,
900,13:23:31,1,0,0.0,fear,Distracted,,,,
910,13:23:31,1,1,100.0,fear,Focused,,,,
920,13:23:31,1,0,0.0,fear,Distracted,,,,
930,13:23:31,1,0,0.0,happy,Distracted,,,,
940,13:23:31,1,1,100.0,fear,Focused,,,,
950,13:23:31,1,0,0.0,happy,Distracted,,,,
960,13:23:31,1,0,0.0,happy,Distracted,,,,
970,13:23:32,1,1,100.0,fear,Focused,,,,
980,13:23:32,1,1,100.0,fear,Focused,,,,
990,13:23:32,1,0,0.0,happy,Distracted,,,,
1000,13:23:32,1,0,0.0,happy,Distracted,,,,
1010,13:23:32,1,0,0.0,happy,Distracted,,,,
1020,13:23:32,1,0,0.0,happy,Distracted,,,,
1030,13:23:32,1,0,0.0,happy,Distracted,,,,
1040,13:23:32,1,0,0.0,happy,Distracted,,,,
1050,13:23:32,1,0,0.0,happy,Distracted,,,,
1060,13:23:33,1,0,0.0,happy,Distracted,,,,
1070,13:23:33,1,1,100.0,fear,Focused,,,,
1080,13:23:33,1,1,100.0,fear,Focused,,,,
1090,13:23:33,1,1,100.0,fear,Focused,,,,
1100,13:23:33,1,1,100.0,fear,Focused,,,,
1110,13:23:33,1,1,100.0,fear,Focused,,,,
1120,13:23:33,1,1,100.0,fear,Focused,,,,
1130,13:23:33,1,1,100.0,fear,Focused,,,,
1140,13:23:33,1,1,100.0,fear,Focused,,,,
1150,13:23:34,1,1,100.0,fear,Focused,,,,
1160,13:23:34,1,1,100.0,fear,Focused,,,,
1170,13:23:34,1,1,100.0,fear,Focused,,,,
1180,13:23:34,1,1,100.0,fear,Focused,,,,
1190,13:23:34,1,1,100.0,fear,Focused,,,,
1200,13:23:34,1,1,100.0,fear,Focused,,,,
1210,13:23:34,1,1,100.0,fear,Focused,,,,
1220,13:23:34,1,1,100.0,fear,Focused,,,,
1230,13:23:34,1,1,100.0,fear,Focused,,,,
1240,13:23:34,1,1,100.0,fear,Focused,,,,
1250,13:23:35,1,0,0.0,fear,Distracted,,,,
1260,13:23:35,1,1,100.0,fear,Focused,,,,
1270,13:23:35,1,0,0.0,fear,Distracted,,,,
1280,13:23:35,1,1,100.0,fear,Focused,,,,
1290,13:23:35,1,1,100.0,fear,Focused,,,,
1300,13:23:35,1,1,100.0,fear,Focused,,,,
1310,13:23:35,1,1,100.0,fear,Focused,,,,
1320,13:23:35,1,1,100.0,fear,Focused,,,,
1330,13:23:35,1,1,100.0,fear,Focused,,,,
1340,13:23:35,1,1,100.0,fear,Focused,,,,
1350,13:23:36,1,1,100.0,fear,Focused,,,,
1360,13:23:36,1,1,100.0,fear,Focused,,,,
1370,13:23:36,1,0,0.0,happy,Distracted,,,,
1380,13:23:36,1,0,0.0,happy,Distracted,,,,
1390,13:23:36,1,1,100.0,fear,Focused,,,,
1400,13:23:36,1,1,100.0,fear,Focused,,,,
1410,13:23:36,1,1,100.0,fear,Focused,,,,
1420,13:23:36,1,1,100.0,fear,Focused,,,,
1430,13:23:36,1,0,0.0,neutral,Distracted,,,,
1440,13:23:36,1,1,100.0,fear,Focused,,,,
1450,13:23:36,1,1,100.0,fear,Focused,,,,
1460,13:23:37,1,1,100.0,fear,Focused,,,,
1470,13:23:37,1,1,100.0,fear,Focused,,,,
1480,13:23:37,1,1,100.0,fear,Focused,,,,
1490,13:23:37,1,1,100.0,fear,Focused,,,,
1500,13:23:37,1,1,100.0,fear,Focused,,,,
1510,13:23:37,1,1,100.0,fear,Focused,,,,
1520,13:23:37,1,1,100.0,fear,Focused,,,,
1530,13:23:37,1,0,0.0,sad,Distracted,,,,
1540,13:23:37,1,1,100.0,fear,Focused,,,,
1550,13:23:38,1,1,100.0,fear,Focused,,,,
1560,13:23:38,1,1,100.0,fear,Focused,,,,
1570,13:23:38,1,1,100.0,fear,Focused,,,,
1580,13:23:38,1,1,100.0,fear,Focused,,,,
1590,13:23:38,2,0,0.0,fear,Distracted,happy,Distracted,,
1600,13:23:38,1,1,100.0,fear,Focused,,,,
1610,13:23:38,1,0,0.0,happy,Distracted,,,,
1620,13:23:38,1,0,0.0,happy,Distracted,,,,
1630,13:23:38,1,0,0.0,happy,Distracted,,,,
1640,13:23:38,1,1,100.0,fear,Focused,,,,
1650,13:23:39,1,1,100.0,fear,Focused,,,,
1660,13:23:39,1,1,100.0,fear,Focused,,,,
1670,13:23:39,1,1,100.0,fear,Focused,,,,
1680,13:23:39,1,1,100.0,fear,Focused,,,,
1690,13:23:39,1,1,100.0,fear,Focused,,,,
1700,13:23:39,1,1,100.0,fear,Focused,,,,
1710,13:23:39,1,1,100.0,fear,Focused,,,,
1720,13:23:39,1,1,100.0,fear,Focused,,,,
1730,13:23:39,1,1,100.0,fear,Focused,,,,
1740,13:23:39,1,1,100.0,fear,Focused,,,,
1750,13:23:40,1,1,100.0,fear,Focused,,,,
1760,13:23:40,2,0,0.0,happy,Distracted,fear,Distracted,,
1770,13:23:40,1,0,0.0,happy,Distracted,,,,
1780,13:23:40,1,1,100.0,fear,Focused,,,,
1790,13:23:40,1,0,0.0,happy,Distracted,,,,
1800,13:23:40,1,1,100.0,fear,Focused,,,,
1810,13:23:40,2,0,0.0,happy,Distracted,neutral,Distracted,,
1820,13:23:40,1,1,100.0,fear,Focused,,,,
1830,13:23:40,2,0,0.0,happy,Distracted,fear,Distracted,,
1840,13:23:40,1,0,0.0,happy,Distracted,,,,
1850,13:23:41,1,0,0.0,happy,Distracted,,,,
1860,13:23:41,1,0,0.0,happy,Distracted,,,,
1870,13:23:41,2,0,0.0,neutral,Distracted,happy,Distracted,,
1880,13:23:41,1,0,0.0,happy,Distracted,,,,
1890,13:23:41,2,0,0.0,happy,Distracted,fear,Distracted,,
1900,13:23:41,1,0,0.0,happy,Distracted,,,,
1910,13:23:41,1,1,100.0,sad,Focused,,,,
1920,13:23:41,1,1,100.0,angry,Focused,,,,
1930,13:23:41,1,1,100.0,fear,Focused,,,,
1940,13:23:41,1,1,100.0,fear,Focused,,,,
1950,13:23:42,1,1,100.0,fear,Focused,,,,
1960,13:23:42,1,0,0.0,fear,Distracted,,,,
1970,13:23:42,1,0,0.0,fear,Distracted,,,,
1980,13:23:42,1,1,100.0,fear,Focused,,,,
1990,13:23:42,1,1,100.0,fear,Focused,,,,
2000,13:23:42,1,1,100.0,fear,Focused,,,,
2010,13:23:42,1,1,100.0,fear,Focused,,,,
2020,13:23:42,1,0,0.0,fear,Distracted,,,,
2030,13:23:42,1,0,0.0,fear,Distracted,,,,
2040,13:23:42,1,1,100.0,fear,Focused,,,,
2050,13:23:43,1,1,100.0,fear,Focused,,,,
2060,13:23:43,1,1,100.0,fear,Focused,,,,
2070,13:23:43,1,1,100.0,fear,Focused,,,,
2080,13:23:43,1,1,100.0,fear,Focused,,,,
2090,13:23:43,1,1,100.0,fear,Focused,,,,
2100,13:23:43,1,1,100.0,fear,Focused,,,,
2110,13:23:43,1,0,0.0,neutral,Distracted,,,,
2120,13:23:43,2,0,0.0,sad,Distracted,neutral,Distracted,,
2130,13:23:43,1,1,100.0,fear,Focused,,,,
2140,13:23:43,1,0,0.0,fear,Distracted,,,,
2150,13:23:44,1,1,100.0,fear,Focused,,,,
2160,13:23:44,2,0,0.0,neutral,Distracted,happy,Distracted,,
2170,13:23:44,1,0,0.0,happy,Distracted,,,,
2180,13:23:44,3,0,0.0,neutral,Distracted,happy,Distracted,neutral,Distracted
2190,13:23:44,2,0,0.0,happy,Distracted,neutral,Distracted,,
2200,13:23:44,1,0,0.0,happy,Distracted,,,,
2210,13:23:44,2,0,0.0,neutral,Distracted,fear,Distracted,,
2220,13:23:44,1,0,0.0,neutral,Distracted,,,,
2230,13:23:44,1,0,0.0,sad,Distracted,,,,
2240,13:23:45,1,0,0.0,fear,Distracted,,,,
2250,13:23:45,1,0,0.0,sad,Distracted,,,,
2260,13:23:45,1,0,0.0,fear,Distracted,,,,
2270,13:23:45,1,1,100.0,fear,Focused,,,,
2280,13:23:45,1,1,100.0,fear,Focused,,,,
2290,13:23:45,1,0,0.0,fear,Distracted,,,,
2300,13:23:45,3,0,0.0,neutral,Distracted,fear,Distracted,fear,Distracted
2310,13:23:45,3,0,0.0,fear,Distracted,fear,Distracted,neutral,Distracted
2320,13:23:45,2,0,0.0,neutral,Distracted,happy,Distracted,,
2330,13:23:45,3,0,0.0,fear,Distracted,happy,Distracted,neutral,Distracted
2340,13:23:46,1,0,0.0,happy,Distracted,,,,
2350,13:23:46,2,0,0.0,neutral,Distracted,happy,Distracted,,
2360,13:23:46,2,0,0.0,neutral,Distracted,happy,Distracted,,
2370,13:23:46,2,0,0.0,neutral,Distracted,happy,Distracted,,
2380,13:23:46,1,0,0.0,happy,Distracted,,,,
2390,13:23:46,1,0,0.0,happy,Distracted,,,,
2400,13:23:46,1,0,0.0,fear,Distracted,,,,
2410,13:23:46,2,0,0.0,fear,Distracted,sad,Distracted,,
2420,13:23:46,2,0,0.0,sad,Distracted,disgust,Distracted,,
2430,13:23:47,1,0,0.0,surprise,Distracted,,,,
2440,13:23:47,1,1,100.0,fear,Focused,,,,
2450,13:23:47,1,1,100.0,fear,Focused,,,,
2460,13:23:47,1,1,100.0,fear,Focused,,,,
2470,13:23:47,1,1,100.0,fear,Focused,,,,
2480,13:23:47,1,1,100.0,fear,Focused,,,,
2490,13:23:47,1,1,100.0,fear,Focused,,,,
2500,13:23:47,1,1,100.0,fear,Focused,,,,
2510,13:23:47,1,0,0.0,fear,Distracted,,,,
2520,13:23:48,1,1,100.0,fear,Focused,,,,
2530,13:23:48,1,1,100.0,fear,Focused,,,,
2540,13:23:48,1,1,100.0,fear,Focused,,,,
2550,13:23:48,1,1,100.0,fear,Focused,,,,
2560,13:23:48,1,1,100.0,fear,Focused,,,,
2570,13:23:48,1,1,100.0,fear,Focused,,,,
2580,13:23:48,1,1,100.0,fear,Focused,,,,
2590,13:23:48,1,1,100.0,fear,Focused,,,,
2600,13:23:49,1,1,100.0,fear,Focused,,,,
2610,13:23:49,1,0,0.0,fear,Distracted,,,,
2620,13:23:49,1,0,0.0,fear,Distracted,,,,
2630,13:23:49,1,1,100.0,fear,Focused,,,,
2640,13:23:49,1,1,100.0,fear,Focused,,,,
2650,13:23:49,1,1,100.0,fear,Focused,,,,
2660,13:23:49,1,1,100.0,fear,Focused,,,,
2670,13:23:49,1,1,100.0,fear,Focused,,,,
2680,13:23:49,1,1,100.0,fear,Focused,,,,
2690,13:23:49,1,1,100.0,fear,Focused,,,,
2700,13:23:50,1,1,100.0,fear,Focused,,,,
2710,13:23:50,1,1,100.0,fear,Focused,,,,
2720,13:23:50,1,1,100.0,fear,Focused,,,,
2730,13:23:50,1,0,0.0,sad,Distracted,,,,
2740,13:23:50,1,0,0.0,neutral,Distracted,,,,
2750,13:23:50,2,0,0.0,happy,Distracted,sad,Distracted,,
2760,13:23:50,1,0,0.0,sad,Distracted,,,,
2770,13:23:50,1,0,0.0,sad,Distracted,,,,
2780,13:23:50,1,1,100.0,fear,Focused,,,,
2790,13:23:50,1,1,100.0,fear,Focused,,,,
2800,13:23:51,1,1,100.0,fear,Focused,,,,
2810,13:23:51,1,1,100.0,fear,Focused,,,,
2820,13:23:51,1,0,0.0,fear,Distracted,,,,
2830,13:23:51,1,1,100.0,fear,Focused,,,,
2840,13:23:51,1,0,0.0,neutral,Distracted,,,,
2850,13:23:51,1,0,0.0,neutral,Distracted,,,,
2860,13:23:51,1,0,0.0,neutral,Distracted,,,,
2870,13:23:51,1,0,0.0,neutral,Distracted,,,,
2880,13:23:51,1,1,100.0,fear,Focused,,,,
2890,13:23:52,1,1,100.0,fear,Focused,,,,
2900,13:23:52,1,0,0.0,neutral,Distracted,,,,
2910,13:23:52,1,0,0.0,sad,Distracted,,,,
2920,13:23:52,1,0,0.0,sad,Distracted,,,,
2930,13:23:52,1,0,0.0,neutral,Distracted,,,,
2940,13:23:52,1,0,0.0,neutral,Distracted,,,,
2950,13:23:52,1,1,100.0,fear,Focused,,,,
2960,13:23:52,1,1,100.0,fear,Focused,,,,
2970,13:23:52,1,1,100.0,fear,Focused,,,,
2980,13:23:52,1,0,0.0,fear,Distracted,,,,
2990,13:23:53,1,0,0.0,sad,Distracted,,,,
3000,13:23:53,2,0,0.0,sad,Distracted,happy,Distracted,,
3010,13:23:53,2,0,0.0,fear,Distracted,sad,Distracted,,
3020,13:23:53,2,0,0.0,fear,Distracted,fear,Distracted,,
3030,13:23:53,2,0,0.0,sad,Distracted,fear,Distracted,,
3040,13:23:53,1,0,0.0,fear,Distracted,,,,
3050,13:23:53,1,0,0.0,sad,Distracted,,,,
3060,13:23:53,1,0,0.0,sad,Distracted,,,,
3070,13:23:54,1,1,100.0,fear,Focused,,,,
3080,13:23:54,1,0,0.0,sad,Distracted,,,,
3090,13:23:54,1,0,0.0,sad,Distracted,,,,
3100,13:23:54,1,0,0.0,neutral,Distracted,,,,
3110,13:23:54,1,0,0.0,sad,Distracted,,,,
3120,13:23:54,1,1,100.0,fear,Focused,,,,
3130,13:23:54,1,1,100.0,fear,Focused,,,,
3140,13:23:54,1,1,100.0,fear,Focused,,,,
3150,13:23:54,1,1,100.0,fear,Focused,,,,
3160,13:23:55,1,1,100.0,fear,Focused,,,,
3170,13:23:55,1,0,0.0,neutral,Distracted,,,,
3180,13:23:55,1,0,0.0,neutral,Distracted,,,,
3190,13:23:55,1,1,100.0,fear,Focused,,,,
3200,13:23:55,1,1,100.0,fear,Focused,,,,
3210,13:23:55,1,1,100.0,fear,Focused,,,,
3220,13:23:55,1,1,100.0,fear,Focused,,,,
3230,13:23:55,1,1,100.0,fear,Focused,,,,
3240,13:23:55,1,1,100.0,fear,Focused,,,,
3250,13:23:56,1,1,100.0,fear,Focused,,,,
3260,13:23:56,1,0,0.0,happy,Distracted,,,,
3270,13:23:56,1,1,100.0,fear,Focused,,,,
3280,13:23:56,1,1,100.0,fear,Focused,,,,
3290,13:23:56,1,1,100.0,fear,Focused,,,,
3300,13:23:56,1,1,100.0,fear,Focused,,,,
3310,13:23:56,1,1,100.0,fear,Focused,,,,
3320,13:23:56,1,1,100.0,fear,Focused,,,,
3330,13:23:56,1,1,100.0,fear,Focused,,,,
3340,13:23:56,1,0,0.0,neutral,Distracted,,,,
3350,13:23:57,1,1,100.0,fear,Focused,,,,
3360,13:23:57,1,1,100.0,fear,Focused,,,,
3370,13:23:57,1,1,100.0,fear,Focused,,,,
3380,13:23:57,1,1,100.0,fear,Focused,,,,
3390,13:23:57,1,1,100.0,fear,Focused,,,,
3400,13:23:57,1,1,100.0,fear,Focused,,,,
3410,13:23:57,1,1,100.0,fear,Focused,,,,
3420,13:23:58,1,1,100.0,fear,Focused,,,,
3430,13:23:58,1,1,100.0,fear,Focused,,,,
3440,13:23:58,1,1,100.0,fear,Focused,,,,
3450,13:23:58,1,1,100.0,fear,Focused,,,,
3460,13:23:58,1,1,100.0,fear,Focused,,,,
3470,13:23:58,1,1,100.0,fear,Focused,,,,
3480,13:23:58,1,1,100.0,fear,Focused,,,,
3490,13:23:58,2,0,0.0,happy,Distracted,happy,Distracted,,
3500,13:23:58,1,0,0.0,happy,Distracted,,,,
3510,13:23:59,1,0,0.0,sad,Distracted,,,,
3520,13:23:59,1,1,100.0,fear,Focused,,,,
3530,13:23:59,1,1,100.0,fear,Focused,,,,
3540,13:23:59,1,1,100.0,fear,Focused,,,,
3550,13:23:59,1,0,0.0,happy,Distracted,,,,
3560,13:23:59,1,1,100.0,fear,Focused,,,,
3570,13:23:59,1,1,100.0,fear,Focused,,,,
3580,13:23:59,1,1,100.0,fear,Focused,,,,
3590,13:24:00,1,1,100.0,fear,Focused,,,,
3600,13:24:00,1,1,100.0,fear,Focused,,,,
3610,13:24:00,1,0,0.0,fear,Distracted,,,,
3620,13:24:00,1,1,100.0,fear,Focused,,,,
3630,13:24:00,1,1,100.0,fear,Focused,,,,
3640,13:24:00,1,1,100.0,fear,Focused,,,,
3650,13:24:00,1,1,100.0,fear,Focused,,,,
3660,13:24:01,1,1,100.0,fear,Focused,,,,
3670,13:24:01,1,1,100.0,fear,Focused,,,,
3680,13:24:01,1,1,100.0,fear,Focused,,,,
3690,13:24:01,1,0,0.0,fear,Distracted,,,,
3700,13:24:01,1,1,100.0,fear,Focused,,,,
3710,13:24:01,1,1,100.0,surprise,Focused,,,,
3720,13:24:01,1,0,0.0,fear,Distracted,,,,
3730,13:24:01,1,1,100.0,surprise,Focused,,,,
3740,13:24:01,1,1,100.0,surprise,Focused,,,,
3750,13:24:01,1,1,100.0,surprise,Focused,,,,
3760,13:24:02,1,1,100.0,surprise,Focused,,,,
3770,13:24:02,1,1,100.0,surprise,Focused,,,,
3780,13:24:02,1,1,100.0,surprise,Focused,,,,
3790,13:24:02,1,1,100.0,surprise,Focused,,,,
3800,13:24:02,1,1,100.0,surprise,Focused,,,,
3810,13:24:02,1,0,0.0,fear,Distracted,,,,
3820,13:24:02,1,1,100.0,surprise,Focused,,,,
3830,13:24:02,1,1,100.0,surprise,Focused,,,,
3840,13:24:02,1,1,100.0,surprise,Focused,,,,
3850,13:24:02,1,1,100.0,surprise,Focused,,,,
3860,13:24:03,1,1,100.0,surprise,Focused,,,,
3870,13:24:03,1,0,0.0,neutral,Distracted,,,,
3880,13:24:03,1,1,100.0,surprise,Focused,,,,
3890,13:24:03,1,0,0.0,neutral,Distracted,,,,
3900,13:24:03,1,0,0.0,sad,Distracted,,,,
3910,13:24:03,1,1,100.0,surprise,Focused,,,,
3920,13:24:03,1,0,0.0,happy,Distracted,,,,
3930,13:24:03,1,0,0.0,happy,Distracted,,,,
3940,13:24:03,1,0,0.0,happy,Distracted,,,,
3950,13:24:04,2,0,0.0,happy,Distracted,neutral,Distracted,,
3960,13:24:04,2,0,0.0,happy,Distracted,neutral,Distracted,,
3970,13:24:04,1,0,0.0,sad,Distracted,,,,
3980,13:24:04,1,0,0.0,happy,Distracted,,,,
3990,13:24:04,1,0,0.0,happy,Distracted,,,,
4000,13:24:04,1,0,0.0,fear,Distracted,,,,
4010,13:24:04,1,1,100.0,happy,Focused,,,,
4020,13:24:04,1,1,100.0,surprise,Focused,,,,
4030,13:24:05,1,1,100.0,surprise,Focused,,,,
4040,13:24:05,1,1,100.0,happy,Focused,,,,
4050,13:24:05,1,1,100.0,surprise,Focused,,,,
4060,13:24:05,1,1,100.0,surprise,Focused,,,,
4070,13:24:05,1,0,0.0,sad,Distracted,,,,
4080,13:24:05,1,0,0.0,sad,Distracted,,,,
4090,13:24:05,1,0,0.0,sad,Distracted,,,,
4100,13:24:05,1,1,100.0,happy,Focused,,,,
4110,13:24:05,2,0,0.0,happy,Distracted,sad,Distracted,,
4120,13:24:06,1,0,0.0,sad,Distracted,,,,
4130,13:24:06,1,0,0.0,happy,Distracted,,,,
4140,13:24:06,1,0,0.0,happy,Distracted,,,,
4150,13:24:06,1,0,0.0,happy,Distracted,,,,
4160,13:24:06,1,1,100.0,happy,Focused,,,,
4170,13:24:06,1,0,0.0,happy,Distracted,,,,
4180,13:24:06,1,0,0.0,happy,Distracted,,,,
4190,13:24:06,2,0,0.0,happy,Distracted,happy,Distracted,,
4200,13:24:07,1,0,0.0,happy,Distracted,,,,
4210,13:24:07,2,0,0.0,happy,Distracted,fear,Distracted,,
4220,13:24:07,1,0,0.0,happy,Distracted,,,,
4230,13:24:07,1,1,100.0,surprise,Focused,,,,
4240,13:24:07,2,0,0.0,fear,Distracted,neutral,Distracted,,
4250,13:24:07,2,0,0.0,happy,Distracted,sad,Distracted,,
4260,13:24:07,3,0,0.0,happy,Distracted,neutral,Distracted,neutral,Distracted
4270,13:24:07,3,0,0.0,happy,Distracted,fear,Distracted,sad,Distracted
4280,13:24:08,2,0,0.0,happy,Distracted,fear,Distracted,,
4290,13:24:08,1,0,0.0,fear,Distracted,,,,
4300,13:24:08,1,0,0.0,fear,Distracted,,,,
4310,13:24:08,3,0,0.0,fear,Distracted,fear,Distracted,fear,Distracted
4320,13:24:08,1,1,100.0,surprise,Focused,,,,
4330,13:24:08,1,1,100.0,surprise,Focused,,,,
4340,13:24:08,1,1,100.0,surprise,Focused,,,,
4350,13:24:08,1,1,100.0,surprise,Focused,,,,
4360,13:24:09,1,1,100.0,surprise,Focused,,,,
4370,13:24:09,1,1,100.0,surprise,Focused,,,,
4380,13:24:09,1,1,100.0,surprise,Focused,,,,
4390,13:24:09,1,1,100.0,surprise,Focused,,,,
4400,13:24:09,1,1,100.0,surprise,Focused,,,,
4410,13:24:09,1,0,0.0,fear,Distracted,,,,
4420,13:24:09,1,1,100.0,surprise,Focused,,,,
4430,13:24:09,1,0,0.0,neutral,Distracted,,,,
4440,13:24:09,1,0,0.0,neutral,Distracted,,,,
4450,13:24:09,1,1,100.0,surprise,Focused,,,,
4460,13:24:10,1,1,100.0,surprise,Focused,,,,
4470,13:24:10,1,1,100.0,surprise,Focused,,,,
4480,13:24:10,2,0,0.0,neutral,Distracted,happy,Distracted,,
4490,13:24:10,2,0,0.0,sad,Distracted,neutral,Distracted,,
4500,13:24:10,2,0,0.0,fear,Distracted,happy,Distracted,,
4510,13:24:10,1,0,0.0,happy,Distracted,,,,
4520,13:24:10,1,0,0.0,fear,Distracted,,,,
4530,13:24:10,1,0,0.0,fear,Distracted,,,,
4540,13:24:10,1,0,0.0,happy,Distracted,,,,
4550,13:24:11,1,0,0.0,happy,Distracted,,,,
4560,13:24:11,1,0,0.0,happy,Distracted,,,,
4570,13:24:11,2,0,0.0,happy,Distracted,fear,Distracted,,
4580,13:24:11,1,1,100.0,surprise,Focused,,,,
4590,13:24:11,1,0,0.0,happy,Distracted,,,,
4600,13:24:11,2,0,0.0,happy,Distracted,happy,Distracted,,
4610,13:24:11,1,1,100.0,surprise,Focused,,,,
4620,13:24:11,1,0,0.0,happy,Distracted,,,,
4630,13:24:12,1,0,0.0,fear,Distracted,,,,
4640,13:24:12,2,0,0.0,fear,Distracted,neutral,Distracted,,
4650,13:24:12,1,0,0.0,neutral,Distracted,,,,
4660,13:24:12,2,0,0.0,fear,Distracted,neutral,Distracted,,
4670,13:24:12,2,0,0.0,sad,Distracted,happy,Distracted,,
4680,13:24:12,2,0,0.0,sad,Distracted,neutral,Distracted,,
4690,13:24:12,1,0,0.0,fear,Distracted,,,,
4700,13:24:12,1,0,0.0,sad,Distracted,,,,
4710,13:24:12,1,1,100.0,surprise,Focused,,,,
4720,13:24:13,1,1,100.0,surprise,Focused,,,,
4730,13:24:13,1,0,0.0,neutral,Distracted,,,,
4740,13:24:13,1,0,0.0,neutral,Distracted,,,,
4750,13:24:13,1,1,100.0,surprise,Focused,,,,
4760,13:24:13,1,0,0.0,sad,Distracted,,,,
4770,13:24:13,1,1,100.0,surprise,Focused,,,,
4780,13:24:13,1,1,100.0,surprise,Focused,,,,
4790,13:24:13,1,1,100.0,surprise,Focused,,,,
4800,13:24:13,1,1,100.0,surprise,Focused,,,,
4810,13:24:14,1,1,100.0,surprise,Focused,,,,
4820,13:24:14,1,1,100.0,surprise,Focused,,,,
4830,13:24:14,1,1,100.0,surprise,Focused,,,,
4840,13:24:14,1,0,0.0,neutral,Distracted,,,,
4850,13:24:14,1,1,100.0,surprise,Focused,,,,
4860,13:24:14,1,1,100.0,surprise,Focused,,,,
4870,13:24:14,1,1,100.0,surprise,Focused,,,,
4880,13:24:15,1,1,100.0,surprise,Focused,,,,
4890,13:24:15,1,1,100.0,surprise,Focused,,,,
4900,13:24:15,1,0,0.0,happy,Distracted,,,,
4910,13:24:15,1,0,0.0,happy,Distracted,,,,
4920,13:24:15,1,0,0.0,happy,Distracted,,,,
4930,13:24:15,2,0,0.0,sad,Distracted,happy,Distracted,,
4940,13:24:16,2,0,0.0,sad,Distracted,happy,Distracted,,
4950,13:24:16,2,0,0.0,sad,Distracted,happy,Distracted,,
4960,13:24:16,1,0,0.0,happy,Distracted,,,,
4970,13:24:16,1,0,0.0,happy,Distracted,,,,
4980,13:24:16,1,0,0.0,happy,Distracted,,,,
4990,13:24:16,1,1,100.0,surprise,Focused,,,,
5000,13:24:16,1,0,0.0,sad,Distracted,,,,
5010,13:24:16,1,1,100.0,surprise,Focused,,,,
5020,13:24:17,1,0,0.0,happy,Distracted,,,,
5030,13:24:17,3,0,0.0,neutral,Distracted,happy,Distracted,sad,Distracted
5040,13:24:17,2,0,0.0,sad,Distracted,happy,Distracted,,
5050,13:24:17,1,0,0.0,sad,Distracted,,,,
5060,13:24:17,1,1,100.0,surprise,Focused,,,,
5070,13:24:17,1,1,100.0,surprise,Focused,,,,
5080,13:24:17,1,0,0.0,neutral,Distracted,,,,
5090,13:24:17,1,0,0.0,fear,Distracted,,,,
5100,13:24:17,1,1,100.0,surprise,Focused,,,,
5110,13:24:18,2,0,0.0,fear,Distracted,happy,Distracted,,
5120,13:24:18,1,0,0.0,fear,Distracted,,,,
5130,13:24:18,1,0,0.0,neutral,Distracted,,,,
5140,13:24:18,1,1,100.0,surprise,Focused,,,,
5150,13:24:18,1,0,0.0,fear,Distracted,,,,
5160,13:24:18,1,0,0.0,fear,Distracted,,,,
5170,13:24:18,1,0,0.0,fear,Distracted,,,,
5180,13:24:18,1,1,100.0,surprise,Focused,,,,
5190,13:24:19,1,0,0.0,fear,Distracted,,,,
5200,13:24:19,1,0,0.0,sad,Distracted,,,,
5210,13:24:19,1,0,0.0,fear,Distracted,,,,
5220,13:24:19,1,0,0.0,fear,Distracted,,,,
5230,13:24:19,1,0,0.0,fear,Distracted,,,,
5240,13:24:19,1,1,100.0,surprise,Focused,,,,
5250,13:24:19,1,1,100.0,surprise,Focused,,,,
5260,13:24:19,1,1,100.0,surprise,Focused,,,,
5270,13:24:20,1,1,100.0,surprise,Focused,,,,
5280,13:24:20,1,1,100.0,surprise,Focused,,,,
5290,13:24:20,2,0,0.0,fear,Distracted,angry,Distracted,,
5300,13:24:20,1,1,100.0,surprise,Focused,,,,
5310,13:24:20,1,1,100.0,surprise,Focused,,,,
5320,13:24:20,1,1,100.0,surprise,Focused,,,,
5330,13:24:20,1,1,100.0,surprise,Focused,,,,
5340,13:24:20,1,1,100.0,surprise,Focused,,,,
5350,13:24:21,1,1,100.0,surprise,Focused,,,,
5360,13:24:21,1,1,100.0,surprise,Focused,,,,
5370,13:24:21,1,1,100.0,surprise,Focused,,,,
5380,13:24:21,1,1,100.0,surprise,Focused,,,,
5390,13:24:21,1,1,100.0,surprise,Focused,,,,
5400,13:24:21,1,1,100.0,surprise,Focused,,,,
5410,13:24:21,1,1,100.0,surprise,Focused,,,,
5420,13:24:21,1,1,100.0,surprise,Focused,,,,
5430,13:24:22,1,1,100.0,surprise,Focused,,,,
5440,13:24:22,1,1,100.0,surprise,Focused,,,,
5450,13:24:22,1,1,100.0,surprise,Focused,,,,
5460,13:24:22,1,1,100.0,surprise,Focused,,,,
5470,13:24:22,1,1,100.0,surprise,Focused,,,,
5480,13:24:22,1,1,100.0,surprise,Focused,,,,
5490,13:24:22,1,1,100.0,surprise,Focused,,,,
5500,13:24:22,1,1,100.0,surprise,Focused,,,,
5510,13:24:22,1,1,100.0,surprise,Focused,,,,
5520,13:24:23,1,0,0.0,sad,Distracted,,,,
5530,13:24:23,1,1,100.0,surprise,Focused,,,,
5540,13:24:23,2,0,0.0,sad,Distracted,fear,Distracted,,
5550,13:24:23,1,1,100.0,surprise,Focused,,,,
5560,13:24:23,1,1,100.0,surprise,Focused,,,,
5570,13:24:23,1,1,100.0,surprise,Focused,,,,
5580,13:24:23,1,1,100.0,surprise,Focused,,,,
5590,13:24:24,1,1,100.0,surprise,Focused,,,,
5600,13:24:24,1,1,100.0,surprise,Focused,,,,
5610,13:24:24,1,0,0.0,neutral,Distracted,,,,
5620,13:24:24,2,0,0.0,fear,Distracted,neutral,Distracted,,
5630,13:24:24,1,1,100.0,surprise,Focused,,,,
5640,13:24:24,1,1,100.0,surprise,Focused,,,,
5650,13:24:24,1,1,100.0,surprise,Focused,,,,
5660,13:24:24,1,1,100.0,surprise,Focused,,,,
5670,13:24:25,1,1,100.0,surprise,Focused,,,,
5680,13:24:25,1,1,100.0,surprise,Focused,,,,
5690,13:24:25,1,1,100.0,surprise,Focused,,,,
5700,13:24:25,1,1,100.0,surprise,Focused,,,,
5710,13:24:25,1,1,100.0,surprise,Focused,,,,
5720,13:24:25,1,0,0.0,happy,Distracted,,,,
5730,13:24:25,1,1,100.0,surprise,Focused,,,,
5740,13:24:25,1,1,100.0,surprise,Focused,,,,
5750,13:24:25,1,1,100.0,surprise,Focused,,,,
5760,13:24:26,1,1,100.0,surprise,Focused,,,,
5770,13:24:26,1,1,100.0,surprise,Focused,,,,
5780,13:24:26,1,1,100.0,surprise,Focused,,,,
5790,13:24:26,1,1,100.0,surprise,Focused,,,,
5800,13:24:26,1,1,100.0,surprise,Focused,,,,
5810,13:24:26,1,1,100.0,surprise,Focused,,,,
5820,13:24:26,1,1,100.0,surprise,Focused,,,,
5830,13:24:26,1,1,100.0,surprise,Focused,,,,
5840,13:24:27,1,0,0.0,fear,Distracted,,,,
5850,13:24:27,1,0,0.0,fear,Distracted,,,,
5860,13:24:27,1,1,100.0,surprise,Focused,,,,
5870,13:24:27,1,1,100.0,surprise,Focused,,,,
5880,13:24:27,1,1,100.0,surprise,Focused,,,,
5890,13:24:27,1,0,0.0,sad,Distracted,,,,
5900,13:24:27,1,1,100.0,surprise,Focused,,,,
5910,13:24:27,1,0,0.0,sad,Distracted,,,,
5920,13:24:28,1,1,100.0,surprise,Focused,,,,
5930,13:24:28,1,1,100.0,surprise,Focused,,,,
5940,13:24:28,1,0,0.0,sad,Distracted,,,,
5950,13:24:28,1,1,100.0,surprise,Focused,,,,
5960,13:24:28,1,1,100.0,surprise,Focused,,,,
5970,13:24:28,1,1,100.0,surprise,Focused,,,,
5980,13:24:28,1,0,0.0,fear,Distracted,,,,
5990,13:24:28,1,0,0.0,fear,Distracted,,,,
6000,13:24:28,1,0,0.0,fear,Distracted,,,,
6010,13:24:29,1,1,100.0,surprise,Focused,,,,
6020,13:24:29,1,1,100.0,surprise,Focused,,,,
6030,13:24:29,1,0,0.0,sad,Distracted,,,,
6040,13:24:29,1,1,100.0,surprise,Focused,,,,
6050,13:24:29,1,0,0.0,sad,Distracted,,,,
6060,13:24:29,2,0,0.0,happy,Distracted,fear,Distracted,,
6070,13:24:29,1,1,100.0,surprise,Focused,,,,
6080,13:24:30,2,0,0.0,fear,Distracted,sad,Distracted,,
6090,13:24:30,1,0,0.0,happy,Distracted,,,,
6100,13:24:30,1,1,100.0,surprise,Focused,,,,
6110,13:24:30,1,1,100.0,surprise,Focused,,,,
6120,13:24:30,1,1,100.0,surprise,Focused,,,,
6130,13:24:30,1,0,0.0,happy,Distracted,,,,
6140,13:24:30,1,1,100.0,surprise,Focused,,,,
6150,13:24:30,1,0,0.0,sad,Distracted,,,,
6160,13:24:31,1,0,0.0,sad,Distracted,,,,
6170,13:24:31,1,0,0.0,sad,Distracted,,,,
6180,13:24:31,2,0,0.0,sad,Distracted,sad,Distracted,,
6190,13:24:31,2,0,0.0,neutral,Distracted,sad,Distracted,,
6200,13:24:31,1,1,100.0,surprise,Focused,,,,
6210,13:24:31,1,1,100.0,surprise,Focused,,,,
6220,13:24:31,1,1,100.0,surprise,Focused,,,,
6230,13:24:31,1,1,100.0,surprise,Focused,,,,
6240,13:24:32,1,1,100.0,surprise,Focused,,,,
6250,13:24:32,1,1,100.0,surprise,Focused,,,,
6260,13:24:32,1,0,0.0,fear,Distracted,,,,
6270,13:24:32,1,0,0.0,happy,Distracted,,,,
6280,13:24:32,1,0,0.0,fear,Distracted,,,,
6290,13:24:32,1,0,0.0,fear,Distracted,,,,
6300,13:24:32,2,0,0.0,happy,Distracted,sad,Distracted,,
6310,13:24:32,2,0,0.0,happy,Distracted,sad,Distracted,,
6320,13:24:33,1,0,0.0,sad,Distracted,,,,
6330,13:24:33,1,1,100.0,surprise,Focused,,,,
6340,13:24:33,1,0,0.0,happy,Distracted,,,,
6350,13:24:33,1,0,0.0,happy,Distracted,,,,
6360,13:24:33,1,0,0.0,happy,Distracted,,,,
6370,13:24:33,1,0,0.0,happy,Distracted,,,,
6380,13:24:33,1,0,0.0,happy,Distracted,,,,
6390,13:24:33,1,1,100.0,surprise,Focused,,,,
6400,13:24:34,1,1,100.0,surprise,Focused,,,,
6410,13:24:34,1,1,100.0,surprise,Focused,,,,
6420,13:24:34,1,1,100.0,surprise,Focused,,,,
6430,13:24:34,1,0,0.0,sad,Distracted,,,,
6440,13:24:34,1,1,100.0,surprise,Focused,,,,
6450,13:24:34,1,1,100.0,surprise,Focused,,,,
6460,13:24:34,1,1,100.0,surprise,Focused,,,,
6470,13:24:34,1,1,100.0,surprise,Focused,,,,
6480,13:24:35,1,1,100.0,surprise,Focused,,,,
6490,13:24:35,1,1,100.0,surprise,Focused,,,,
6500,13:24:35,1,1,100.0,surprise,Focused,,,,
6510,13:24:35,1,1,100.0,surprise,Focused,,,,
6520,13:24:35,1,1,100.0,surprise,Focused,,,,
6530,13:24:35,1,1,100.0,surprise,Focused,,,,
6540,13:24:35,1,1,100.0,surprise,Focused,,,,
6550,13:24:35,1,1,100.0,surprise,Focused,,,,
6560,13:24:36,1,1,100.0,surprise,Focused,,,,
6570,13:24:36,1,1,100.0,surprise,Focused,,,,
6580,13:24:36,1,1,100.0,surprise,Focused,,,,
6590,13:24:36,1,1,100.0,surprise,Focused,,,,
