Frame,Timestamp,Student ID,Emotion,Focus,Focus % (overall),Total Students
10,15:23:43,1,fear,Focused,100.0,1
20,15:23:43,1,fear,Focused,100.0,1
30,15:23:43,1,neutral,Distracted,0.0,1
40,15:23:43,1,fear,Focused,100.0,1
50,15:23:43,1,fear,Focused,100.0,1
60,15:23:43,1,fear,Focused,100.0,1
70,15:23:44,1,fear,Focused,100.0,1
80,15:23:44,1,fear,Focused,100.0,1
90,15:23:44,1,fear,Focused,100.0,1
100,15:23:44,1,fear,Focused,100.0,1
110,15:23:44,1,neutral,Distracted,0.0,1
120,15:23:44,1,fear,Focused,100.0,1
130,15:23:44,1,fear,Focused,100.0,1
140,15:23:44,1,fear,Focused,100.0,1
150,15:23:45,1,fear,Focused,100.0,1
160,15:23:45,1,fear,Focused,100.0,1
170,15:23:45,1,fear,Focused,100.0,1
180,15:23:45,1,fear,Focused,100.0,1
190,15:23:45,1,fear,Focused,100.0,1
200,15:23:45,1,fear,Focused,100.0,1
210,15:23:46,1,fear,Focused,100.0,1
220,15:23:46,1,happy,Distracted,0.0,1
230,15:23:46,1,fear,Focused,100.0,1
240,15:23:46,1,happy,Distracted,0.0,1
250,15:23:46,1,fear,Focused,100.0,1
260,15:23:46,1,sad,Distracted,0.0,1
270,15:23:47,1,fear,Focused,100.0,1
280,15:23:47,1,fear,Focused,100.0,1
290,15:23:47,1,fear,Focused,100.0,1
300,15:23:47,1,fear,Focused,100.0,1
310,15:23:47,1,fear,Focused,100.0,1
320,15:23:47,1,fear,Focused,100.0,1
330,15:23:48,1,fear,Focused,100.0,1
340,15:23:48,1,fear,Focused,100.0,1
350,15:23:48,1,fear,Focused,100.0,1
360,15:23:48,1,fear,Focused,100.0,1
370,15:23:48,1,fear,Distracted,0.0,1
380,15:23:49,1,fear,Focused,100.0,1
390,15:23:49,1,fear,Focused,100.0,1
400,15:23:49,1,fear,Focused,100.0,1
410,15:23:49,1,happy,Distracted,0.0,1
420,15:23:49,1,neutral,Distracted,0.0,1
430,15:23:49,1,happy,Distracted,0.0,1
440,15:23:49,1,fear,Focused,100.0,1
450,15:23:50,1,happy,Distracted,0.0,1
460,15:23:50,1,fear,Focused,100.0,1
470,15:23:50,1,fear,Focused,100.0,1
480,15:23:50,1,fear,Focused,100.0,1
490,15:23:50,1,sad,Distracted,0.0,1
500,15:23:51,1,sad,Distracted,0.0,1
510,15:23:51,1,neutral,Distracted,0.0,1
520,15:23:51,1,neutral,Distracted,0.0,1
530,15:23:51,1,fear,Focused,100.0,1
540,15:23:51,1,happy,Distracted,0.0,1
550,15:23:51,1,fear,Focused,100.0,1
560,15:23:52,1,sad,Distracted,0.0,1
570,15:23:52,1,sad,Distracted,0.0,1
580,15:23:52,1,fear,Focused,100.0,1
590,15:23:52,1,fear,Focused,100.0,1
600,15:23:52,1,fear,Focused,100.0,1
610,15:23:52,1,fear,Focused,100.0,1
620,15:23:53,1,fear,Focused,100.0,1
630,15:23:53,1,fear,Focused,100.0,1
640,15:23:53,1,fear,Focused,100.0,1
650,15:23:53,1,fear,Focused,100.0,1
660,15:23:53,1,fear,Focused,100.0,1
670,15:23:53,1,fear,Focused,100.0,1
680,15:23:54,1,fear,Focused,100.0,1
690,15:23:54,1,fear,Focused,100.0,1
700,15:23:54,1,fear,Focused,100.0,1
710,15:23:54,1,fear,Focused,100.0,1
720,15:23:54,1,fear,Focused,100.0,1
730,15:23:55,1,fear,Focused,100.0,1
740,15:23:55,1,fear,Focused,100.0,1
750,15:23:55,1,fear,Focused,100.0,1
760,15:23:55,1,fear,Focused,100.0,1
770,15:23:55,1,fear,Focused,100.0,1
780,15:23:56,1,fear,Distracted,0.0,1
790,15:23:56,1,fear,Distracted,0.0,1
800,15:23:56,1,happy,Distracted,0.0,1
810,15:23:56,1,fear,Focused,100.0,1
820,15:23:56,1,fear,Distracted,0.0,1
830,15:23:56,1,fear,Distracted,0.0,1
840,15:23:57,1,fear,Distracted,0.0,1
850,15:23:57,1,fear,Focused,100.0,1
860,15:23:57,1,fear,Distracted,0.0,1
870,15:23:57,1,fear,Focused,100.0,1
880,15:23:57,1,fear,Distracted,0.0,1
890,15:23:57,1,fear,Distracted,0.0,1
900,15:23:58,1,fear,Distracted,0.0,1
910,15:23:58,1,fear,Focused,100.0,1
920,15:23:58,1,fear,Distracted,0.0,1
930,15:23:58,1,happy,Distracted,0.0,1
940,15:23:58,1,fear,Focused,100.0,1
950,15:23:58,1,happy,Distracted,0.0,1
960,15:23:58,1,happy,Distracted,0.0,1
970,15:23:58,1,fear,Focused,100.0,1
980,15:23:59,1,fear,Focused,100.0,1
990,15:23:59,1,happy,Distracted,0.0,1
1000,15:23:59,1,happy,Distracted,0.0,1
1010,15:23:59,1,happy,Distracted,0.0,1
1020,15:23:59,1,happy,Distracted,0.0,1
1030,15:23:59,1,happy,Distracted,0.0,1
1040,15:23:59,1,happy,Distracted,0.0,1
1050,15:23:59,1,happy,Distracted,0.0,1
1060,15:23:59,1,happy,Distracted,0.0,1
1070,15:23:59,1,fear,Focused,100.0,1
1080,15:24:00,1,fear,Focused,100.0,1
1090,15:24:00,1,fear,Focused,100.0,1
1100,15:24:00,1,fear,Focused,100.0,1
1110,15:24:00,1,fear,Focused,100.0,1
1120,15:24:00,1,fear,Focused,100.0,1
1130,15:24:00,1,fear,Focused,100.0,1
1140,15:24:00,1,fear,Focused,100.0,1
1150,15:24:00,1,fear,Focused,100.0,1
1160,15:24:00,1,fear,Focused,100.0,1
1170,15:24:01,1,fear,Focused,100.0,1
1180,15:24:01,1,fear,Focused,100.0,1
1190,15:24:01,1,fear,Focused,100.0,1
1200,15:24:01,1,fear,Focused,100.0,1
1210,15:24:01,1,fear,Focused,100.0,1
1220,15:24:01,1,fear,Focused,100.0,1
1230,15:24:01,1,fear,Focused,100.0,1
1240,15:24:01,1,fear,Focused,100.0,1
1250,15:24:01,1,fear,Distracted,0.0,1
1260,15:24:01,1,fear,Focused,100.0,1
1270,15:24:02,1,fear,Distracted,0.0,1
1280,15:24:02,1,fear,Focused,100.0,1
1290,15:24:02,1,fear,Focused,100.0,1
1300,15:24:02,1,fear,Focused,100.0,1
1310,15:24:02,1,fear,Focused,100.0,1
1320,15:24:02,1,fear,Focused,100.0,1
1330,15:24:02,1,fear,Focused,100.0,1
1340,15:24:02,1,fear,Focused,100.0,1
1350,15:24:02,1,fear,Focused,100.0,1
1360,15:24:02,1,fear,Focused,100.0,1
1370,15:24:03,1,happy,Distracted,0.0,1
1380,15:24:03,1,happy,Distracted,0.0,1
1390,15:24:03,1,fear,Focused,100.0,1
1400,15:24:03,1,fear,Focused,100.0,1
1410,15:24:03,1,fear,Focused,100.0,1
1420,15:24:03,1,fear,Focused,100.0,1
1430,15:24:03,1,neutral,Distracted,0.0,1
1440,15:24:03,1,fear,Focused,100.0,1
1450,15:24:03,1,fear,Focused,100.0,1
1460,15:24:03,1,fear,Focused,100.0,1
1470,15:24:04,1,fear,Focused,100.0,1
1480,15:24:04,1,fear,Focused,100.0,1
1490,15:24:04,1,fear,Focused,100.0,1
1500,15:24:04,1,fear,Focused,100.0,1
1510,15:24:04,1,fear,Focused,100.0,1
1520,15:24:04,1,fear,Focused,100.0,1
1530,15:24:04,1,sad,Distracted,0.0,1
1540,15:24:04,1,fear,Focused,100.0,1
1550,15:24:04,1,fear,Focused,100.0,1
1560,15:24:04,1,fear,Focused,100.0,1
1570,15:24:05,1,fear,Focused,100.0,1
1580,15:24:05,1,fear,Focused,100.0,1
1590,15:24:05,1,happy,Distracted,0.0,2
1590,15:24:05,2,fear,Distracted,0.0,2
1600,15:24:05,1,fear,Focused,100.0,1
1610,15:24:05,1,happy,Distracted,0.0,1
1620,15:24:05,1,happy,Distracted,0.0,1
1630,15:24:05,1,happy,Distracted,0.0,1
1640,15:24:05,1,fear,Focused,100.0,1
1650,15:24:05,1,fear,Focused,100.0,1
1660,15:24:05,1,fear,Focused,100.0,1
1670,15:24:06,1,fear,Focused,100.0,1
1680,15:24:06,1,fear,Focused,100.0,1
1690,15:24:06,1,fear,Focused,100.0,1
1700,15:24:06,1,fear,Focused,100.0,1
1710,15:24:06,1,fear,Focused,100.0,1
1720,15:24:06,1,fear,Focused,100.0,1
1730,15:24:06,1,fear,Focused,100.0,1
1740,15:24:06,1,fear,Focused,100.0,1
1750,15:24:06,1,fear,Focused,100.0,1
1760,15:24:06,1,fear,Distracted,0.0,2
1760,15:24:06,2,happy,Distracted,0.0,2
1770,15:24:06,1,happy,Distracted,0.0,1
1780,15:24:06,1,fear,Focused,100.0,1
1790,15:24:07,1,happy,Distracted,0.0,1
1800,15:24:07,1,fear,Focused,100.0,1
1810,15:24:07,1,happy,Distracted,0.0,2
1810,15:24:07,2,neutral,Distracted,0.0,2
1820,15:24:07,1,fear,Focused,100.0,1
1830,15:24:07,1,happy,Distracted,0.0,2
1830,15:24:07,2,fear,Distracted,0.0,2
1840,15:24:07,1,happy,Distracted,0.0,1
1850,15:24:07,1,happy,Distracted,0.0,1
1860,15:24:07,1,happy,Distracted,0.0,1
1870,15:24:07,1,neutral,Distracted,0.0,2
1870,15:24:07,2,happy,Distracted,0.0,2
1880,15:24:07,1,happy,Distracted,0.0,1
1890,15:24:08,1,happy,Distracted,0.0,2
1890,15:24:08,2,fear,Distracted,0.0,2
1900,15:24:08,1,happy,Distracted,0.0,1
1910,15:24:08,1,sad,Focused,100.0,1
1920,15:24:08,1,angry,Focused,100.0,1
1930,15:24:08,1,fear,Focused,100.0,1
1940,15:24:08,1,fear,Focused,100.0,1
1950,15:24:08,1,fear,Focused,100.0,1
1960,15:24:08,1,fear,Distracted,0.0,1
1970,15:24:09,1,fear,Distracted,0.0,1
1980,15:24:09,1,fear,Focused,100.0,1
1990,15:24:09,1,fear,Focused,100.0,1
2000,15:24:09,1,fear,Focused,100.0,1
2010,15:24:09,1,fear,Focused,100.0,1
2020,15:24:09,1,fear,Distracted,0.0,1
2030,15:24:09,1,fear,Distracted,0.0,1
2040,15:24:09,1,fear,Focused,100.0,1
2050,15:24:09,1,fear,Focused,100.0,1
2060,15:24:10,1,fear,Focused,100.0,1
2070,15:24:10,1,fear,Focused,100.0,1
2080,15:24:10,1,fear,Focused,100.0,1
2090,15:24:10,1,fear,Focused,100.0,1
2100,15:24:10,1,fear,Focused,100.0,1
2110,15:24:10,1,neutral,Distracted,0.0,1
2120,15:24:10,1,sad,Distracted,0.0,2
2120,15:24:10,2,neutral,Distracted,0.0,2
2130,15:24:11,1,fear,Focused,100.0,1
2140,15:24:11,1,fear,Distracted,0.0,1
2150,15:24:11,1,fear,Focused,100.0,1
2160,15:24:11,1,neutral,Distracted,0.0,2
2160,15:24:11,2,happy,Distracted,0.0,2
2170,15:24:11,1,happy,Distracted,0.0,1
2180,15:24:11,1,neutral,Distracted,0.0,3
2180,15:24:11,2,happy,Distracted,0.0,3
2180,15:24:11,3,neutral,Distracted,0.0,3
2190,15:24:11,1,happy,Distracted,0.0,2
2190,15:24:11,2,neutral,Distracted,0.0,2
2200,15:24:12,1,happy,Distracted,0.0,1
2210,15:24:12,1,neutral,Distracted,0.0,2
2210,15:24:12,2,fear,Distracted,0.0,2
2220,15:24:12,1,neutral,Distracted,0.0,1
2230,15:24:12,1,sad,Distracted,0.0,1
2240,15:24:12,1,fear,Distracted,0.0,1
2250,15:24:12,1,sad,Distracted,0.0,1
2260,15:24:12,1,fear,Distracted,0.0,1
2270,15:24:12,1,fear,Focused,100.0,1
2280,15:24:12,1,fear,Focused,100.0,1
2290,15:24:13,1,fear,Distracted,0.0,1
2300,15:24:13,1,neutral,Distracted,0.0,3
2300,15:24:13,2,fear,Distracted,0.0,3
2300,15:24:13,3,fear,Distracted,0.0,3
2310,15:24:13,1,fear,Distracted,0.0,3
2310,15:24:13,2,neutral,Distracted,0.0,3
2310,15:24:13,3,fear,Distracted,0.0,3
2320,15:24:13,1,neutral,Distracted,0.0,2
2320,15:24:13,2,happy,Distracted,0.0,2
2330,15:24:14,1,fear,Distracted,0.0,3
2330,15:24:14,2,happy,Distracted,0.0,3
2330,15:24:14,3,neutral,Distracted,0.0,3
2340,15:24:14,1,happy,Distracted,0.0,1
2350,15:24:14,1,neutral,Distracted,0.0,2
2350,15:24:14,2,happy,Distracted,0.0,2
2360,15:24:14,1,neutral,Distracted,0.0,2
2360,15:24:14,2,happy,Distracted,0.0,2
2370,15:24:14,1,neutral,Distracted,0.0,2
2370,15:24:14,2,happy,Distracted,0.0,2
2380,15:24:14,1,happy,Distracted,0.0,1
2390,15:24:14,1,happy,Distracted,0.0,1
2400,15:24:14,1,fear,Distracted,0.0,1
2410,15:24:14,1,fear,Distracted,0.0,2
2410,15:24:14,2,sad,Distracted,0.0,2
2420,15:24:14,1,sad,Distracted,0.0,2
2420,15:24:14,2,disgust,Distracted,0.0,2
2430,15:24:14,1,surprise,Distracted,0.0,1
2440,15:24:14,1,fear,Focused,100.0,1
2450,15:24:15,1,fear,Focused,100.0,1
2460,15:24:15,1,fear,Focused,100.0,1
2470,15:24:15,1,fear,Focused,100.0,1
2480,15:24:15,1,fear,Focused,100.0,1
2490,15:24:15,1,fear,Focused,100.0,1
2500,15:24:15,1,fear,Focused,100.0,1
2510,15:24:15,1,fear,Distracted,0.0,1
2520,15:24:15,1,fear,Focused,100.0,1
2530,15:24:15,1,fear,Focused,100.0,1
2540,15:24:15,1,fear,Focused,100.0,1
2550,15:24:16,1,fear,Focused,100.0,1
2560,15:24:16,1,fear,Focused,100.0,1
2570,15:24:16,1,fear,Focused,100.0,1
2580,15:24:16,1,fear,Focused,100.0,1
2590,15:24:16,1,fear,Focused,100.0,1
2600,15:24:16,1,fear,Focused,100.0,1
2610,15:24:16,1,fear,Distracted,0.0,1
2620,15:24:17,1,fear,Distracted,0.0,1
2630,15:24:17,1,fear,Focused,100.0,1
2640,15:24:17,1,fear,Focused,100.0,1
2650,15:24:17,1,fear,Focused,100.0,1
2660,15:24:17,1,fear,Focused,100.0,1
2670,15:24:17,1,fear,Focused,100.0,1
2680,15:24:17,1,fear,Focused,100.0,1
2690,15:24:17,1,fear,Focused,100.0,1
2700,15:24:17,1,fear,Focused,100.0,1
2710,15:24:17,1,fear,Focused,100.0,1
2720,15:24:17,1,fear,Focused,100.0,1
2730,15:24:18,1,sad,Distracted,0.0,1
2740,15:24:18,1,neutral,Distracted,0.0,1
2750,15:24:18,1,happy,Distracted,0.0,2
2750,15:24:18,2,sad,Distracted,0.0,2
2760,15:24:18,1,sad,Distracted,0.0,1
2770,15:24:18,1,sad,Distracted,0.0,1
2780,15:24:18,1,fear,Focused,100.0,1
2790,15:24:18,1,fear,Focused,100.0,1
2800,15:24:18,1,fear,Focused,100.0,1
2810,15:24:18,1,fear,Focused,100.0,1
2820,15:24:18,1,fear,Distracted,0.0,1
2830,15:24:18,1,fear,Focused,100.0,1
2840,15:24:18,1,neutral,Distracted,0.0,1
2850,15:24:19,1,neutral,Distracted,0.0,1
2860,15:24:19,1,neutral,Distracted,0.0,1
2870,15:24:19,1,neutral,Distracted,0.0,1
2880,15:24:19,1,fear,Focused,100.0,1
2890,15:24:19,1,fear,Focused,100.0,1
2900,15:24:19,1,neutral,Distracted,0.0,1
2910,15:24:20,1,sad,Distracted,0.0,1
2920,15:24:20,1,sad,Distracted,0.0,1
2930,15:24:20,1,neutral,Distracted,0.0,1
2940,15:24:20,1,neutral,Distracted,0.0,1
2950,15:24:20,1,fear,Focused,100.0,1
2960,15:24:20,1,fear,Focused,100.0,1
2970,15:24:20,1,fear,Focused,100.0,1
2980,15:24:20,1,fear,Distracted,0.0,1
2990,15:24:20,1,sad,Distracted,0.0,1
3000,15:24:20,1,sad,Distracted,0.0,2
3000,15:24:20,2,happy,Distracted,0.0,2
3010,15:24:20,1,fear,Distracted,0.0,2
3010,15:24:20,2,sad,Distracted,0.0,2
3020,15:24:20,1,fear,Distracted,0.0,2
3020,15:24:20,2,fear,Distracted,0.0,2
3030,15:24:21,1,sad,Distracted,0.0,2
3030,15:24:21,2,fear,Distracted,0.0,2
3040,15:24:21,1,fear,Distracted,0.0,1
3050,15:24:21,1,sad,Distracted,0.0,1
3060,15:24:21,1,sad,Distracted,0.0,1
3070,15:24:21,1,fear,Focused,100.0,1
3080,15:24:21,1,sad,Distracted,0.0,1
3090,15:24:21,1,sad,Distracted,0.0,1
3100,15:24:21,1,neutral,Distracted,0.0,1
3110,15:24:21,1,sad,Distracted,0.0,1
3120,15:24:21,1,fear,Focused,100.0,1
3130,15:24:21,1,fear,Focused,100.0,1
3140,15:24:21,1,fear,Focused,100.0,1
3150,15:24:22,1,fear,Focused,100.0,1
3160,15:24:22,1,fear,Focused,100.0,1
3170,15:24:22,1,neutral,Distracted,0.0,1
3180,15:24:22,1,neutral,Distracted,0.0,1
3190,15:24:22,1,fear,Focused,100.0,1
3200,15:24:22,1,fear,Focused,100.0,1
3210,15:24:23,1,fear,Focused,100.0,1
3220,15:24:23,1,fear,Focused,100.0,1
3230,15:24:23,1,fear,Focused,100.0,1
3240,15:24:23,1,fear,Focused,100.0,1
3250,15:24:23,1,fear,Focused,100.0,1
3260,15:24:23,1,happy,Distracted,0.0,1
3270,15:24:23,1,fear,Focused,100.0,1
3280,15:24:23,1,fear,Focused,100.0,1
3290,15:24:23,1,fear,Focused,100.0,1
3300,15:24:23,1,fear,Focused,100.0,1
3310,15:24:24,1,fear,Focused,100.0,1
3320,15:24:24,1,fear,Focused,100.0,1
3330,15:24:24,1,fear,Focused,100.0,1
3340,15:24:24,1,neutral,Distracted,0.0,1
3350,15:24:24,1,fear,Focused,100.0,1
3360,15:24:24,1,fear,Focused,100.0,1
3370,15:24:24,1,fear,Focused,100.0,1
3380,15:24:24,1,fear,Focused,100.0,1
3390,15:24:24,1,fear,Focused,100.0,1
3400,15:24:24,1,fear,Focused,100.0,1
3410,15:24:24,1,fear,Focused,100.0,1
3420,15:24:25,1,fear,Focused,100.0,1
3430,15:24:25,1,fear,Focused,100.0,1
3440,15:24:25,1,fear,Focused,100.0,1
3450,15:24:25,1,fear,Focused,100.0,1
3460,15:24:25,1,fear,Focused,100.0,1
3470,15:24:25,1,fear,Focused,100.0,1
3480,15:24:26,1,fear,Focused,100.0,1
3490,15:24:26,1,happy,Distracted,0.0,2
3490,15:24:26,2,happy,Distracted,0.0,2
3500,15:24:26,1,happy,Distracted,0.0,1
3510,15:24:26,1,sad,Distracted,0.0,1
3520,15:24:26,1,fear,Focused,100.0,1
3530,15:24:26,1,fear,Focused,100.0,1
3540,15:24:26,1,fear,Focused,100.0,1
3550,15:24:26,1,happy,Distracted,0.0,1
3560,15:24:26,1,fear,Focused,100.0,1
3570,15:24:26,1,fear,Focused,100.0,1
3580,15:24:26,1,fear,Focused,100.0,1
3590,15:24:27,1,fear,Focused,100.0,1
3600,15:24:27,1,fear,Focused,100.0,1
3610,15:24:27,1,fear,Distracted,0.0,1
3620,15:24:27,1,fear,Focused,100.0,1
3630,15:24:27,1,fear,Focused,100.0,1
3640,15:24:27,1,fear,Focused,100.0,1
3650,15:24:27,1,fear,Focused,100.0,1
3660,15:24:27,1,fear,Focused,100.0,1
3670,15:24:27,1,fear,Focused,100.0,1
3680,15:24:27,1,fear,Focused,100.0,1
3690,15:24:27,1,fear,Distracted,0.0,1
3700,15:24:28,1,fear,Focused,100.0,1
3710,15:24:28,1,surprise,Focused,100.0,1
3720,15:24:28,1,fear,Distracted,0.0,1
3730,15:24:28,1,surprise,Focused,100.0,1
3740,15:24:28,1,surprise,Focused,100.0,1
3750,15:24:29,1,surprise,Focused,100.0,1
3760,15:24:29,1,surprise,Focused,100.0,1
3770,15:24:29,1,surprise,Focused,100.0,1
3780,15:24:29,1,surprise,Focused,100.0,1
3790,15:24:29,1,surprise,Focused,100.0,1
3800,15:24:29,1,surprise,Focused,100.0,1
3810,15:24:29,1,fear,Distracted,0.0,1
3820,15:24:29,1,surprise,Focused,100.0,1
3830,15:24:29,1,surprise,Focused,100.0,1
3840,15:24:29,1,surprise,Focused,100.0,1
3850,15:24:29,1,surprise,Focused,100.0,1
3860,15:24:30,1,surprise,Focused,100.0,1
3870,15:24:30,1,neutral,Distracted,0.0,1
3880,15:24:30,1,surprise,Focused,100.0,1
3890,15:24:30,1,neutral,Distracted,0.0,1
3900,15:24:30,1,sad,Distracted,0.0,1
3910,15:24:30,1,surprise,Focused,100.0,1
3920,15:24:30,1,happy,Distracted,0.0,1
3930,15:24:30,1,happy,Distracted,0.0,1
3940,15:24:30,1,happy,Distracted,0.0,1
3950,15:24:30,1,happy,Distracted,0.0,2
3950,15:24:30,2,neutral,Distracted,0.0,2
3960,15:24:30,1,happy,Distracted,0.0,2
3960,15:24:30,2,neutral,Distracted,0.0,2
3970,15:24:31,1,sad,Distracted,0.0,1
3980,15:24:31,1,happy,Distracted,0.0,1
3990,15:24:31,1,happy,Distracted,0.0,1
4000,15:24:31,1,fear,Distracted,0.0,1
4010,15:24:31,1,happy,Focused,100.0,1
4020,15:24:31,1,surprise,Focused,100.0,1
4030,15:24:32,1,surprise,Focused,100.0,1
4040,15:24:32,1,happy,Focused,100.0,1
4050,15:24:32,1,surprise,Focused,100.0,1
4060,15:24:32,1,surprise,Focused,100.0,1
4070,15:24:32,1,sad,Distracted,0.0,1
4080,15:24:32,1,sad,Distracted,0.0,1
4090,15:24:32,1,sad,Distracted,0.0,1
4100,15:24:32,1,happy,Focused,100.0,1
4110,15:24:32,1,happy,Distracted,0.0,2
4110,15:24:32,2,sad,Distracted,0.0,2
4120,15:24:32,1,sad,Distracted,0.0,1
4130,15:24:33,1,happy,Distracted,0.0,1
4140,15:24:33,1,happy,Distracted,0.0,1
4150,15:24:33,1,happy,Distracted,0.0,1
4160,15:24:33,1,happy,Focused,100.0,1
4170,15:24:33,1,happy,Distracted,0.0,1
4180,15:24:33,1,happy,Distracted,0.0,1
4190,15:24:33,1,happy,Distracted,0.0,2
4190,15:24:33,2,happy,Distracted,0.0,2
4200,15:24:33,1,happy,Distracted,0.0,1
4210,15:24:33,1,happy,Distracted,0.0,2
4210,15:24:33,2,fear,Distracted,0.0,2
4220,15:24:33,1,happy,Distracted,0.0,1
4230,15:24:34,1,surprise,Focused,100.0,1
4240,15:24:34,1,fear,Distracted,0.0,2
4240,15:24:34,2,neutral,Distracted,0.0,2
4250,15:24:34,1,happy,Distracted,0.0,2
4250,15:24:34,2,sad,Distracted,0.0,2
4260,15:24:34,1,happy,Distracted,0.0,3
4260,15:24:34,2,neutral,Distracted,0.0,3
4260,15:24:34,3,neutral,Distracted,0.0,3
4270,15:24:35,1,happy,Distracted,0.0,3
4270,15:24:35,2,sad,Distracted,0.0,3
4270,15:24:35,3,fear,Distracted,0.0,3
4280,15:24:35,1,happy,Distracted,0.0,2
4280,15:24:35,2,fear,Distracted,0.0,2
4290,15:24:35,1,fear,Distracted,0.0,1
4300,15:24:35,1,fear,Distracted,0.0,1
4310,15:24:35,1,fear,Distracted,0.0,3
4310,15:24:35,2,fear,Distracted,0.0,3
4310,15:24:35,3,fear,Distracted,0.0,3
4320,15:24:35,1,surprise,Focused,100.0,1
4330,15:24:35,1,surprise,Focused,100.0,1
4340,15:24:35,1,surprise,Focused,100.0,1
4350,15:24:36,1,surprise,Focused,100.0,1
4360,15:24:36,1,surprise,Focused,100.0,1
4370,15:24:36,1,surprise,Focused,100.0,1
4380,15:24:36,1,surprise,Focused,100.0,1
4390,15:24:36,1,surprise,Focused,100.0,1
4400,15:24:36,1,surprise,Focused,100.0,1
4410,15:24:36,1,fear,Distracted,0.0,1
4420,15:24:36,1,surprise,Focused,100.0,1
4430,15:24:36,1,neutral,Distracted,0.0,1
4440,15:24:36,1,neutral,Distracted,0.0,1
4450,15:24:37,1,surprise,Focused,100.0,1
4460,15:24:37,1,surprise,Focused,100.0,1
4470,15:24:37,1,surprise,Focused,100.0,1
4480,15:24:37,1,neutral,Distracted,0.0,2
4480,15:24:37,2,happy,Distracted,0.0,2
4490,15:24:37,1,sad,Distracted,0.0,2
4490,15:24:37,2,neutral,Distracted,0.0,2
4500,15:24:37,1,happy,Distracted,0.0,2
4500,15:24:37,2,fear,Distracted,0.0,2
4510,15:24:38,1,happy,Distracted,0.0,1
4520,15:24:38,1,fear,Distracted,0.0,1
4530,15:24:38,1,fear,Distracted,0.0,1
4540,15:24:38,1,happy,Distracted,0.0,1
4550,15:24:38,1,happy,Distracted,0.0,1
4560,15:24:38,1,happy,Distracted,0.0,1
4570,15:24:38,1,happy,Distracted,0.0,2
4570,15:24:38,2,fear,Distracted,0.0,2
4580,15:24:38,1,surprise,Focused,100.0,1
4590,15:24:38,1,happy,Distracted,0.0,1
4600,15:24:38,1,happy,Distracted,0.0,2
4600,15:24:38,2,happy,Distracted,0.0,2
4610,15:24:39,1,surprise,Focused,100.0,1
4620,15:24:39,1,happy,Distracted,0.0,1
4630,15:24:39,1,fear,Distracted,0.0,1
4640,15:24:39,1,fear,Distracted,0.0,2
4640,15:24:39,2,neutral,Distracted,0.0,2
4650,15:24:39,1,neutral,Distracted,0.0,1
4660,15:24:39,1,fear,Distracted,0.0,2
4660,15:24:39,2,neutral,Distracted,0.0,2
4670,15:24:39,1,sad,Distracted,0.0,2
4670,15:24:39,2,happy,Distracted,0.0,2
4680,15:24:39,1,sad,Distracted,0.0,2
4680,15:24:39,2,neutral,Distracted,0.0,2
4690,15:24:39,1,fear,Distracted,0.0,1
4700,15:24:39,1,sad,Distracted,0.0,1
4710,15:24:39,1,surprise,Focused,100.0,1
4720,15:24:40,1,surprise,Focused,100.0,1
4730,15:24:40,1,neutral,Distracted,0.0,1
4740,15:24:40,1,neutral,Distracted,0.0,1
4750,15:24:40,1,surprise,Focused,100.0,1
4760,15:24:40,1,sad,Distracted,0.0,1
4770,15:24:40,1,surprise,Focused,100.0,1
4780,15:24:40,1,surprise,Focused,100.0,1
4790,15:24:40,1,surprise,Focused,100.0,1
4800,15:24:41,1,surprise,Focused,100.0,1
4810,15:24:41,1,surprise,Focused,100.0,1
4820,15:24:41,1,surprise,Focused,100.0,1
4830,15:24:41,1,surprise,Focused,100.0,1
4840,15:24:41,1,neutral,Distracted,0.0,1
4850,15:24:41,1,surprise,Focused,100.0,1
4860,15:24:41,1,surprise,Focused,100.0,1
4870,15:24:41,1,surprise,Focused,100.0,1
4880,15:24:42,1,surprise,Focused,100.0,1
4890,15:24:42,1,surprise,Focused,100.0,1
4900,15:24:42,1,happy,Distracted,0.0,1
4910,15:24:42,1,happy,Distracted,0.0,1
4920,15:24:42,1,happy,Distracted,0.0,1
4930,15:24:42,1,sad,Distracted,0.0,2
4930,15:24:42,2,happy,Distracted,0.0,2
4940,15:24:42,1,sad,Distracted,0.0,2
4940,15:24:42,2,happy,Distracted,0.0,2
4950,15:24:42,1,sad,Distracted,0.0,2
4950,15:24:42,2,happy,Distracted,0.0,2
4960,15:24:43,1,happy,Distracted,0.0,1
4970,15:24:43,1,happy,Distracted,0.0,1
4980,15:24:43,1,happy,Distracted,0.0,1
4990,15:24:43,1,surprise,Focused,100.0,1
5000,15:24:43,1,sad,Distracted,0.0,1
5010,15:24:43,1,surprise,Focused,100.0,1
5020,15:24:43,1,happy,Distracted,0.0,1
5030,15:24:43,1,neutral,Distracted,0.0,3
5030,15:24:43,2,happy,Distracted,0.0,3
5030,15:24:43,3,sad,Distracted,0.0,3
5040,15:24:44,1,sad,Distracted,0.0,2
5040,15:24:44,2,happy,Distracted,0.0,2
5050,15:24:44,1,sad,Distracted,0.0,1
5060,15:24:44,1,surprise,Focused,100.0,1
5070,15:24:44,1,surprise,Focused,100.0,1
5080,15:24:44,1,neutral,Distracted,0.0,1
5090,15:24:44,1,fear,Distracted,0.0,1
5100,15:24:44,1,surprise,Focused,100.0,1
5110,15:24:44,1,fear,Distracted,0.0,2
5110,15:24:44,2,happy,Distracted,0.0,2
5120,15:24:44,1,fear,Distracted,0.0,1
5130,15:24:45,1,neutral,Distracted,0.0,1
5140,15:24:45,1,surprise,Focused,100.0,1
5150,15:24:45,1,fear,Distracted,0.0,1
5160,15:24:45,1,fear,Distracted,0.0,1
5170,15:24:45,1,fear,Distracted,0.0,1
5180,15:24:45,1,surprise,Focused,100.0,1
5190,15:24:45,1,fear,Distracted,0.0,1
5200,15:24:45,1,sad,Distracted,0.0,1
5210,15:24:45,1,fear,Distracted,0.0,1
5220,15:24:46,1,fear,Distracted,0.0,1
5230,15:24:46,1,fear,Distracted,0.0,1
5240,15:24:46,1,surprise,Focused,100.0,1
5250,15:24:46,1,surprise,Focused,100.0,1
5260,15:24:46,1,surprise,Focused,100.0,1
5270,15:24:46,1,surprise,Focused,100.0,1
5280,15:24:46,1,surprise,Focused,100.0,1
5290,15:24:46,1,angry,Distracted,0.0,2
5290,15:24:46,2,fear,Distracted,0.0,2
5300,15:24:46,1,surprise,Focused,100.0,1
5310,15:24:47,1,surprise,Focused,100.0,1
5320,15:24:47,1,surprise,Focused,100.0,1
5330,15:24:47,1,surprise,Focused,100.0,1
5340,15:24:47,1,surprise,Focused,100.0,1
5350,15:24:47,1,surprise,Focused,100.0,1
5360,15:24:47,1,surprise,Focused,100.0,1
5370,15:24:47,1,surprise,Focused,100.0,1
5380,15:24:47,1,surprise,Focused,100.0,1
5390,15:24:47,1,surprise,Focused,100.0,1
5400,15:24:48,1,surprise,Focused,100.0,1
5410,15:24:48,1,surprise,Focused,100.0,1
5420,15:24:48,1,surprise,Focused,100.0,1
5430,15:24:48,1,surprise,Focused,100.0,1
5440,15:24:48,1,surprise,Focused,100.0,1
5450,15:24:48,1,surprise,Focused,100.0,1
5460,15:24:48,1,surprise,Focused,100.0,1
5470,15:24:48,1,surprise,Focused,100.0,1
5480,15:24:49,1,surprise,Focused,100.0,1
5490,15:24:49,1,surprise,Focused,100.0,1
5500,15:24:49,1,surprise,Focused,100.0,1
5510,15:24:49,1,surprise,Focused,100.0,1
5520,15:24:49,1,sad,Distracted,0.0,1
5530,15:24:49,1,surprise,Focused,100.0,1
5540,15:24:49,1,sad,Distracted,0.0,2
5540,15:24:49,2,fear,Distracted,0.0,2
5550,15:24:49,1,surprise,Focused,100.0,1
5560,15:24:49,1,surprise,Focused,100.0,1
5570,15:24:50,1,surprise,Focused,100.0,1
5580,15:24:50,1,surprise,Focused,100.0,1
5590,15:24:50,1,surprise,Focused,100.0,1
5600,15:24:50,1,surprise,Focused,100.0,1
5610,15:24:50,1,neutral,Distracted,0.0,1
5620,15:24:50,1,fear,Distracted,0.0,2
5620,15:24:50,2,neutral,Distracted,0.0,2
5630,15:24:50,1,surprise,Focused,100.0,1
5640,15:24:50,1,surprise,Focused,100.0,1
5650,15:24:51,1,surprise,Focused,100.0,1
5660,15:24:51,1,surprise,Focused,100.0,1
5670,15:24:51,1,surprise,Focused,100.0,1
5680,15:24:51,1,surprise,Focused,100.0,1
5690,15:24:51,1,surprise,Focused,100.0,1
5700,15:24:51,1,surprise,Focused,100.0,1
5710,15:24:51,1,surprise,Focused,100.0,1
5720,15:24:51,1,happy,Distracted,0.0,1
5730,15:24:51,1,surprise,Focused,100.0,1
5740,15:24:52,1,surprise,Focused,100.0,1
5750,15:24:52,1,surprise,Focused,100.0,1
5760,15:24:52,1,surprise,Focused,100.0,1
5770,15:24:52,1,surprise,Focused,100.0,1
5780,15:24:52,1,surprise,Focused,100.0,1
5790,15:24:52,1,surprise,Focused,100.0,1
5800,15:24:52,1,surprise,Focused,100.0,1
5810,15:24:52,1,surprise,Focused,100.0,1
5820,15:24:52,1,surprise,Focused,100.0,1
5830,15:24:53,1,surprise,Focused,100.0,1
5840,15:24:53,1,fear,Distracted,0.0,1
5850,15:24:53,1,fear,Distracted,0.0,1
5860,15:24:53,1,surprise,Focused,100.0,1
5870,15:24:53,1,surprise,Focused,100.0,1
5880,15:24:53,1,surprise,Focused,100.0,1
5890,15:24:53,1,sad,Distracted,0.0,1
5900,15:24:53,1,surprise,Focused,100.0,1
5910,15:24:53,1,sad,Distracted,0.0,1
5920,15:24:53,1,surprise,Focused,100.0,1
5930,15:24:54,1,surprise,Focused,100.0,1
5940,15:24:54,1,sad,Distracted,0.0,1
5950,15:24:54,1,surprise,Focused,100.0,1
5960,15:24:54,1,surprise,Focused,100.0,1
5970,15:24:54,1,surprise,Focused,100.0,1
5980,15:24:54,1,fear,Distracted,0.0,1
5990,15:24:54,1,fear,Distracted,0.0,1
6000,15:24:54,1,fear,Distracted,0.0,1
6010,15:24:54,1,surprise,Focused,100.0,1
6020,15:24:55,1,surprise,Focused,100.0,1
6030,15:24:55,1,sad,Distracted,0.0,1
6040,15:24:55,1,surprise,Focused,100.0,1
6050,15:24:55,1,sad,Distracted,0.0,1
6060,15:24:55,1,happy,Distracted,0.0,2
6060,15:24:55,2,fear,Distracted,0.0,2
6070,15:24:55,1,surprise,Focused,100.0,1
6080,15:24:55,1,fear,Distracted,0.0,2
6080,15:24:55,2,sad,Distracted,0.0,2
6090,15:24:55,1,happy,Distracted,0.0,1
6100,15:24:56,1,surprise,Focused,100.0,1
6110,15:24:56,1,surprise,Focused,100.0,1
6120,15:24:56,1,surprise,Focused,100.0,1
6130,15:24:56,1,happy,Distracted,0.0,1
6140,15:24:56,1,surprise,Focused,100.0,1
6150,15:24:56,1,sad,Distracted,0.0,1
6160,15:24:56,1,sad,Distracted,0.0,1
6170,15:24:57,1,sad,Distracted,0.0,1
6180,15:24:57,1,sad,Distracted,0.0,2
6180,15:24:57,2,sad,Distracted,0.0,2
6190,15:24:57,1,neutral,Distracted,0.0,2
6190,15:24:57,2,sad,Distracted,0.0,2
6200,15:24:57,1,surprise,Focused,100.0,1
6210,15:24:57,1,surprise,Focused,100.0,1
6220,15:24:57,1,surprise,Focused,100.0,1
6230,15:24:57,1,surprise,Focused,100.0,1
6240,15:24:58,1,surprise,Focused,100.0,1
6250,15:24:58,1,surprise,Focused,100.0,1
6260,15:24:58,1,fear,Distracted,0.0,1
6270,15:24:58,1,happy,Distracted,0.0,1
6280,15:24:58,1,fear,Distracted,0.0,1
6290,15:24:58,1,fear,Distracted,0.0,1
6300,15:24:58,1,happy,Distracted,0.0,2
6300,15:24:58,2,sad,Distracted,0.0,2
6310,15:24:58,1,happy,Distracted,0.0,2
6310,15:24:58,2,sad,Distracted,0.0,2
6320,15:24:59,1,sad,Distracted,0.0,1
6330,15:24:59,1,surprise,Focused,100.0,1
6340,15:24:59,1,happy,Distracted,0.0,1
6350,15:24:59,1,happy,Distracted,0.0,1
6360,15:24:59,1,happy,Distracted,0.0,1
6370,15:24:59,1,happy,Distracted,0.0,1
6380,15:24:59,1,happy,Distracted,0.0,1
6390,15:24:59,1,surprise,Focused,100.0,1
6400,15:24:59,1,surprise,Focused,100.0,1
6410,15:25:00,1,surprise,Focused,100.0,1
6420,15:25:00,1,surprise,Focused,100.0,1
6430,15:25:00,1,sad,Distracted,0.0,1
6440,15:25:00,1,surprise,Focused,100.0,1
6450,15:25:00,1,surprise,Focused,100.0,1
6460,15:25:00,1,surprise,Focused,100.0,1
6470,15:25:00,1,surprise,Focused,100.0,1
6480,15:25:00,1,surprise,Focused,100.0,1
6490,15:25:00,1,surprise,Focused,100.0,1
6500,15:25:01,1,surprise,Focused,100.0,1
6510,15:25:01,1,surprise,Focused,100.0,1
6520,15:25:01,1,surprise,Focused,100.0,1
6530,15:25:01,1,surprise,Focused,100.0,1
6540,15:25:01,1,surprise,Focused,100.0,1
6550,15:25:01,1,surprise,Focused,100.0,1
6560,15:25:01,1,surprise,Focused,100.0,1
6570,15:25:01,1,surprise,Focused,100.0,1
6580,15:25:01,1,surprise,Focused,100.0,1
6590,15:25:02,1,surprise,Focused,100.0,1
